Designator,Footprint,Quantity,Value,LCSC Part #
C1,C_0603_1608Metric_Pad1.08x0.95mm_HandSolder,1,4.7u 16V,
"C10, C15, C2, C22, C23, C24, C3, C33, C34, C37, C42, C43, C44, C46, C47, C49, C5, C50, C51, C53, C55, C6, C67, C7, C8, C9",C_0603_1608Metric_Pad1.08x0.95mm_HandSolder,26,100n 50V,
"C11, C12, C25, C26, C31, C32, C36, C38, C4, C45, C48, C52, C54, C58",C_0603_1608Metric_Pad1.08x0.95mm_HandSolder,14,1u 50V,
C13,C_0603_1608Metric,1,10n 50V,
"C14, C19, C27, C28, C29, C30",C_0805_2012Metric_Pad1.18x1.45mm_HandSolder,6,10u 25V,
C16,CP_Elec_6.3x7.7,1,220u 10V,
"C17, C18",C_0603_1608Metric_Pad1.08x0.95mm_HandSolder,2,2.2uF 16V,
"C20, C21, C56, C57, C61, C62",C_0603_1608Metric_Pad1.08x0.95mm_HandSolder,6,12p 50V,
C35,C_0603_1608Metric,1,100n 50V,
"C39, C40, C41",C_0603_1608Metric_Pad1.08x0.95mm_HandSolder,3,DNP,
"C59, C60, C63, C64, C65, C66",C_0603_1608Metric_Pad1.08x0.95mm_HandSolder,6,1n 50V,
"D1, D2, D3, D4",LED_0603_1608Metric_Pad1.05x0.95mm_HandSolder,4,LED G,
FB1,L_0805_2012Metric_Pad1.05x1.20mm_HandSolder,1,600R 100MHz,
"FB2, FB3, FB4, FB5, FB6",L_0805_2012Metric_Pad1.05x1.20mm_HandSolder,5,100R 100MHz,
J1,USB_C_Receptacle_GCT_USB4085,1,USB4085,USB4085
"J10, J9",PinHeader_1x02_P2.54mm_Vertical,2,Conn_01x02,
J11,1-1634613-0,1,DAC_MAIN_OUT,
J12,1-1634613-0,1,ADC_1_IN,
J13,1-1634613-0,1,ADC_2_IN,
"J2, J3",PinHeader_2x04_P2.54mm_Vertical,2,POW,
J4,PinHeader_2x07_P1.27mm_Vertical_SMD,1,STDC14,
J5,PinHeader_1x02_P2.54mm_Vertical,1,VCP,
J6,10pin_1.27_socket,1,MINISWD,
"J7, J8",PinHeader_1x10_P2.54mm_Vertical,2,Conn_01x10,
"R1, R11, R12, R13, R14, R36, R38",R_0603_1608Metric_Pad0.98x0.95mm_HandSolder,7,1k 1%,
"R10, R41, R42, R43, R44, R45, R46, R47, R48, R49, R5, R50, R51, R52, R53, R6",R_0603_1608Metric_Pad0.98x0.95mm_HandSolder,16,22R 1%,
"R15, R16",R_0603_1608Metric,2,2k2 1%,
R17,R_0603_1608Metric_Pad0.98x0.95mm_HandSolder,1,127k 0.1%,
"R18, R21, R22, R25, R26, R31, R32, R33",R_0603_1608Metric_Pad0.98x0.95mm_HandSolder,8,0R 1%,
"R19, R20, R34",R_0603_1608Metric_Pad0.98x0.95mm_HandSolder,3,1k 0.1%,
"R2, R3",R_0603_1608Metric_Pad0.98x0.95mm_HandSolder,2,5k1 1%,
"R23, R24",R_0603_1608Metric_Pad0.98x0.95mm_HandSolder,2,DNP,
"R27, R28",R_0603_1608Metric_Pad0.98x0.95mm_HandSolder,2,10k 0.1%,
"R29, R30",R_0603_1608Metric_Pad0.98x0.95mm_HandSolder,2,13k2 0.1%,
"R35, R37, R39, R40",R_0603_1608Metric_Pad0.98x0.95mm_HandSolder,4,1k5 0.1%,
"R4, R7, R9",R_0603_1608Metric_Pad0.98x0.95mm_HandSolder,3,47k 1%,
"R54, R55",R_0603_1608Metric_Pad0.98x0.95mm_HandSolder,2,1Meg 1%,
R8,R_0603_1608Metric_Pad0.98x0.95mm_HandSolder,1,1k5 1%,
"SW1, SW2, SW3",SW_SPST_B3SL-1022P,3,BTN,
U1,LQFP-100_14x14mm_P0.5mm,1,STM32H7B0VBT6,STM32H7B0VBT6
U10,VSSOP-8_3.0x3.0mm_P0.65mm,1,OPA2387DGKR,OPA2387DGKR
"U11, U12, U13, U8, U9",SOT-23-6,5,TS5A3159DBV,
"U14, U15, U6, U7",MSOP-8_3x3mm_P0.65mm,4,AD8656,AD8656ARMZ
"U2, U3",TSOT-23-5,2,ADP7142AUJZ-3.3,
U4,SOIC-8_3.9x4.9mm_P1.27mm,1,M24256-BR,M24256-BR
U5,SOIC-8_3.9x4.9mm_P1.27mm,1,ADR4525BRZ,
Y1,Crystal_SMD_3225-4Pin_3.2x2.5mm,1,12MHz,X322512MSB4SI
